{
  "accuracy": 0.9939783205036796,
  "accuracy_std": 0.0034769687535980785,
  "precision": 0.9810768694781506,
  "precision_std": 0.011478795107897712,
  "recall": 0.9832226447595815,
  "recall_std": 0.013108804685169426,
  "f1": 0.9815117624388581,
  "f1_std": 0.010877974825257607,
  "fpr": 0.006571921465538487,
  "fpr_std": 0.003980810688451036,
  "fnr": 0.0041753653444676405,
  "fnr_std": 0.0043791601176206745,
  "auc_roc": 0.9973209810328422,
  "auc_roc_std": 0.0019566791153615617,
  "exec_time_s": 5.789167642593384,
  "exec_time_s_std": 1.180664720274323
}