{
  "accuracy": 0.9992463870910542,
  "precision": 0.9455639848169586,
  "recall": 0.9638278755321364,
  "f1": 0.9443635010418333,
  "fpr": 0.0005319148936170213,
  "fnr": 0.0007980138322397589,
  "auc_roc": NaN,
  "exec_time_s": 21.449652433395386
}