{
  "accuracy": 0.9996095137691163,
  "accuracy_std": 0.00016724417867450131,
  "precision": 0.9864899407297193,
  "precision_std": 0.004597123834162603,
  "recall": 0.9800826366841109,
  "recall_std": 0.010651712896945944,
  "f1": 0.9829513008269565,
  "f1_std": 0.0070873520557356165,
  "fpr": 0.00015614265207908106,
  "fpr_std": 6.982802663602537e-05,
  "fnr": 0.005511811023622047,
  "fnr_std": 0.0031496062992125984,
  "auc_roc": 0.9969989549814227,
  "auc_roc_std": 0.003928520635118947,
  "exec_time_s": 89.62340188026428,
  "exec_time_s_std": 24.672645990740012
}