{
  "accuracy": 0.9967881556315532,
  "accuracy_std": 0.0030711066167242664,
  "precision": 0.9939782860351085,
  "precision_std": 0.00686311892149969,
  "recall": 0.9875049623001255,
  "recall_std": 0.012899303539864829,
  "f1": 0.9902729529653627,
  "f1_std": 0.009296918647300496,
  "fpr": 0.0023203363628895544,
  "fpr_std": 0.0022558159543591394,
  "fnr": 0.0041753653444676405,
  "fnr_std": 0.0043791601176206745,
  "auc_roc": 0.999095140306267,
  "auc_roc_std": 0.0008438366401052643,
  "exec_time_s": 5.171470642089844,
  "exec_time_s_std": 1.003616001228799
}