{
  "accuracy": 0.999774718397715,
  "accuracy_std": 8.22694469931258e-05,
  "precision": 0.9951075689114732,
  "precision_std": 0.004066967247502627,
  "recall": 0.9865895269728338,
  "recall_std": 0.010833711086062866,
  "f1": 0.9902497166967198,
  "f1_std": 0.0044605199794861584,
  "fpr": 6.245608556483722e-05,
  "fpr_std": 5.8422318475664634e-05,
  "fnr": 0.003937007874015748,
  "fnr_std": 0.0032939371123388798,
  "auc_roc": 0.9961925994165017,
  "auc_roc_std": 0.004108565241374285,
  "exec_time_s": 92.57997035980225,
  "exec_time_s_std": 25.593168005442447
}