{
  "accuracy": 0.9986700948665662,
  "precision": 0.6518786278312236,
  "recall": 0.6843877767660337,
  "f1": 0.661583246069424,
  "fpr": 0.0007978723404255319,
  "fnr": 0.001241354850150736,
  "auc_roc": NaN,
  "exec_time_s": 22.502769708633423
}