{
  "accuracy": 0.9629340219329509,
  "accuracy_std": 0.0017611592269632164,
  "precision": 0.19091668479690052,
  "precision_std": 0.07946196568417949,
  "recall": 0.21320883348051742,
  "recall_std": 0.10637556714520566,
  "f1": 0.2003143086683535,
  "f1_std": 0.09031456811038953,
  "fpr": 0.0002654383636505582,
  "fpr_std": 0.0005308767273011164,
  "fnr": 0.944488188976378,
  "fnr_std": 0.0623540518014311,
  "auc_roc": 0.8728099784291347,
  "auc_roc_std": 0.034953139166954354,
  "exec_time_s": 270.13829278945923,
  "exec_time_s_std": 66.03488756190896
}