{
  "accuracy": 0.5868813267110569,
  "accuracy_std": 0.09161028761204242,
  "precision": 0.27064084487925466,
  "precision_std": 0.045614403574878434,
  "recall": 0.3147872474252254,
  "recall_std": 0.05169614258824335,
  "f1": 0.2631831145280887,
  "f1_std": 0.02717975140103229,
  "fpr": 0.18681508255976342,
  "fpr_std": 0.25921663909044096,
  "fnr": 0.45427974947807925,
  "fnr_std": 0.34333742592074545,
  "auc_roc": 0.893616672664655,
  "auc_roc_std": 0.05114747167977974,
  "exec_time_s": 46.00667977333069,
  "exec_time_s_std": 12.403777810282339
}