{
  "accuracy": 0.9618526973102881,
  "accuracy_std": 1.1458915513351543e-06,
  "precision": 0.137407528187184,
  "precision_std": 1.6369879304312108e-07,
  "recall": 0.14285714285714285,
  "recall_std": 0.0,
  "f1": 0.14007935292544832,
  "f1_std": 8.50634634841363e-08,
  "fpr": 0.0,
  "fpr_std": 0.0,
  "fnr": 1.0,
  "fnr_std": 0.0,
  "auc_roc": 0.8150982100810964,
  "auc_roc_std": 0.0672518730164568,
  "exec_time_s": 262.7705705165863,
  "exec_time_s_std": 65.21188210415947
}