{
  "accuracy": 0.6067628588576975,
  "accuracy_std": 0.15875443543966977,
  "precision": 0.2785558821884796,
  "precision_std": 0.10046511217133083,
  "recall": 0.2961029325099074,
  "recall_std": 0.1206797572559801,
  "f1": 0.25714071130899463,
  "f1_std": 0.11751799264470351,
  "fpr": 0.30405069341239555,
  "fpr_std": 0.3517322219605643,
  "fnr": 0.3231732776617954,
  "fnr_std": 0.33485388808201155,
  "auc_roc": 0.7993328994329655,
  "auc_roc_std": 0.09111636905755896,
  "exec_time_s": 46.07459259033203,
  "exec_time_s_std": 10.240925547886059
}