{
  "accuracy": 0.9947809291327798,
  "accuracy_std": 0.003778187018029556,
  "precision": 0.9868961598471744,
  "precision_std": 0.010801454584756929,
  "recall": 0.9857668749845306,
  "recall_std": 0.014796855164953984,
  "f1": 0.9858399480800675,
  "f1_std": 0.011597966523426331,
  "fpr": 0.005412873497979881,
  "fpr_std": 0.0028443626452244694,
  "fnr": 0.0041753653444676405,
  "fnr_std": 0.005444010359250646,
  "auc_roc": 0.9989470740912066,
  "auc_roc_std": 0.0012593894106659785,
  "exec_time_s": 13.21448564529419,
  "exec_time_s_std": 1.3627621104676317
}