{
  "accuracy": 0.9980494724709638,
  "precision": 0.830477575029037,
  "recall": 0.8297075341331656,
  "f1": 0.8300869826533807,
  "fpr": 0.001152482269503546,
  "fnr": 0.002039368682390495,
  "auc_roc": NaN,
  "exec_time_s": 21.000107765197754
}