{
  "accuracy": 0.9993091401791465,
  "accuracy_std": 0.00035349914656918405,
  "precision": 0.9693998302910831,
  "precision_std": 0.01455871070547273,
  "recall": 0.9774606923297929,
  "recall_std": 0.015098868179587834,
  "f1": 0.9730247393086598,
  "f1_std": 0.01391515458548577,
  "fpr": 0.0004215846729801213,
  "fpr_std": 0.00022947748228924778,
  "fnr": 0.007086614173228346,
  "fnr_std": 0.004757104714013611,
  "auc_roc": 0.9941640899731136,
  "auc_roc_std": 0.006295919726476456,
  "exec_time_s": 94.29654741287231,
  "exec_time_s_std": 24.44136329128658
}