{
  "accuracy": 0.6620101267658397,
  "accuracy_std": 0.08115278544894629,
  "precision": 0.3328518975554401,
  "precision_std": 0.07663860536296326,
  "recall": 0.4029608728197823,
  "recall_std": 0.10489669075306787,
  "f1": 0.31896109707974424,
  "f1_std": 0.05416057804230419,
  "fpr": 0.07034420438675756,
  "fpr_std": 0.03053603473858995,
  "fnr": 0.20250521920668058,
  "fnr_std": 0.13042253424473352,
  "auc_roc": 0.9469463129066111,
  "auc_roc_std": 0.04020126562083036,
  "exec_time_s": 43.11131453514099,
  "exec_time_s_std": 10.531310127469482
}