{
  "accuracy": 0.9624834880523776,
  "accuracy_std": 0.0006013358516080424,
  "precision": 0.18630473710205134,
  "precision_std": 0.05111945242520436,
  "recall": 0.20427797736619321,
  "recall_std": 0.048305088001005254,
  "f1": 0.1901635301314486,
  "f1_std": 0.04344883432542848,
  "fpr": 9.368412834725583e-05,
  "fpr_std": 0.00018736825669451172,
  "fnr": 0.9440944881889763,
  "fnr_std": 0.040315421995391544,
  "auc_roc": 0.8222741209181921,
  "auc_roc_std": 0.06240762687045224,
  "exec_time_s": 328.09114718437195,
  "exec_time_s_std": 93.30904570724748
}