{
  "accuracy": 0.9625133613097793,
  "accuracy_std": 0.01363650589226836,
  "precision": 0.25356862974054917,
  "precision_std": 0.0993654399570729,
  "recall": 0.3322311735168158,
  "recall_std": 0.07426041013704414,
  "f1": 0.2669318602917297,
  "f1_std": 0.09512518791617351,
  "fpr": 0.007198244285704603,
  "fpr_std": 0.005167048625569853,
  "fnr": 0.8007874015748031,
  "fnr_std": 0.2605198759043376,
  "auc_roc": 0.6924609993322278,
  "auc_roc_std": 0.1919050178435765,
  "exec_time_s": 393.34155440330505,
  "exec_time_s_std": 101.67159525686348
}