{
  "accuracy": 0.5403459374106255,
  "accuracy_std": 0.030946042725882555,
  "precision": 0.1683210057535755,
  "precision_std": 0.06921878181159398,
  "recall": 0.28360438953144124,
  "recall_std": 0.09047164689078774,
  "f1": 0.1898023591715592,
  "f1_std": 0.06694617476000823,
  "fpr": 0.1647692732799116,
  "fpr_std": 0.17342046245160472,
  "fnr": 0.34405010438413364,
  "fnr_std": 0.2938739473962594,
  "auc_roc": 0.8258157044302378,
  "auc_roc_std": 0.07241512348885498,
  "exec_time_s": 44.77001070976257,
  "exec_time_s_std": 11.336318896387635
}