{
  "accuracy": 0.9996695896149562,
  "accuracy_std": 6.0077820480275823e-05,
  "precision": 0.9917075627934073,
  "precision_std": 0.007316610231357431,
  "recall": 0.9859935692685685,
  "recall_std": 0.010783388802247959,
  "f1": 0.9882748056706777,
  "f1_std": 0.002673967585446443,
  "fpr": 0.00010929936882195915,
  "fpr_std": 0.00010589908597810544,
  "fnr": 0.003937007874015748,
  "fnr_std": 0.0032939371123388798,
  "auc_roc": 0.9980686973611563,
  "auc_roc_std": 0.003321989494987726,
  "exec_time_s": 135.68138313293457,
  "exec_time_s_std": 37.71018816385176
}