{
  "accuracy": 0.9983154534976505,
  "precision": 0.7562904718775806,
  "recall": 0.7658906970830966,
  "f1": 0.7606589430625618,
  "fpr": 0.0010638297872340426,
  "fnr": 0.0019507004788082993,
  "auc_roc": NaN,
  "exec_time_s": 25.23277235031128
}