{
  "accuracy": 0.997591569890394,
  "accuracy_std": 0.0018609133241507662,
  "precision": 0.995583261268482,
  "precision_std": 0.004200368267791704,
  "recall": 0.9900483089725854,
  "recall_std": 0.011858616835734151,
  "f1": 0.9922999769685867,
  "f1_std": 0.006694320634624421,
  "fpr": 0.0015458951629164397,
  "fpr_std": 0.0014470515809274615,
  "fnr": 0.0033402922755741125,
  "fnr_std": 0.0040910058334583345,
  "auc_roc": 0.9999670305624357,
  "auc_roc_std": 3.997140361916407e-05,
  "exec_time_s": 5.833360910415649,
  "exec_time_s_std": 1.1913686040563896
}