config_name,accuracy,precision,recall,f1,fpr,fnr,auc_roc,exec_time_s
IP2Vec+PCA,0.9980494724709638,0.830477575029037,0.8297075341331656,0.8300869826533807,0.001152482269503546,0.002039368682390495,,21.000107765197754
IP2Vec+NoPCA,0.9992463870910542,0.9455639848169586,0.9638278755321364,0.9443635010418333,0.0005319148936170213,0.0007980138322397589,,21.449652433395386
NoIP2Vec+PCA,0.9983154534976505,0.7562904718775806,0.7658906970830966,0.7606589430625618,0.0010638297872340426,0.0019507004788082993,,25.23277235031128
NoIP2Vec+NoPCA,0.9986700948665662,0.6518786278312236,0.6843877767660337,0.661583246069424,0.0007978723404255319,0.001241354850150736,,22.502769708633423
