config_name,accuracy,accuracy_std,precision,precision_std,recall,recall_std,f1,f1_std,fpr,fpr_std,fnr,fnr_std,auc_roc,auc_roc_std,exec_time_s,exec_time_s_std,architecture,dropout,activation,ae_n_layers,ae_hidden_0,ae_hidden_1,ae_latent,lr,weight_decay,optimizer,batch_size,mlp_n_layers,mlp_hidden_0,mlp_hidden_1,mlp_hidden_2,mlp_hidden_3,mlp_hidden_4,ae_hidden_2
IP2Vec+PCA,0.606763,0.158754,0.278556,0.100465,0.296103,0.12068,0.257141,0.117518,0.304051,0.351732,0.323173,0.334854,0.799333,0.091116,46.074593,10.240926,autoencoder,0.022103,leakyrelu,2.0,128.0,128.0,128.0,0.015486,0.0002,Adam,256,,,,,,,
IP2Vec+NoPCA,0.586881,0.09161,0.270641,0.045614,0.314787,0.051696,0.263183,0.02718,0.186815,0.259217,0.45428,0.343337,0.893617,0.051147,46.00668,12.403778,mlp,0.306799,silu,,,,,0.004367,0.00031,Adam,512,5.0,512.0,512.0,256.0,128.0,1024.0,
NoIP2Vec+PCA,0.540346,0.030946,0.168321,0.069219,0.283604,0.090472,0.189802,0.066946,0.164769,0.17342,0.34405,0.293874,0.825816,0.072415,44.770011,11.336319,autoencoder,0.186823,silu,3.0,64.0,128.0,128.0,0.026981,0.000758,Adam,512,,,,,,,256.0
NoIP2Vec+NoPCA,0.66201,0.081153,0.332852,0.076639,0.402961,0.104897,0.318961,0.054161,0.070344,0.030536,0.202505,0.130423,0.946946,0.040201,43.111315,10.53131,autoencoder,0.119721,relu,1.0,512.0,,128.0,0.018275,0.000161,Adam,512,,,,,,,
