config_name,accuracy,precision,recall,f1,fpr,fnr,auc_roc,exec_time_s
IP2Vec+PCA,1.0,1.0,1.0,1.0,0.0,0.0,0.5,27.258736848831177
IP2Vec+NoPCA,1.0,1.0,1.0,1.0,0.0,0.0,0.5,33.62416219711304
NoIP2Vec+PCA,1.0,1.0,1.0,1.0,0.0,0.0,0.5,86.34956383705139
NoIP2Vec+NoPCA,1.0,1.0,1.0,1.0,0.0,0.0,0.5,88.57424759864807
