config_name,accuracy,precision,recall,f1,fpr,fnr,auc_roc,exec_time_s,paradigm,display_name
IP2Vec+PCA,0.9980494724709638,0.830477575029037,0.8297075341331656,0.8300869826533807,0.0011524822695035,0.0020393686823904,,21.000107765197757,centralized,IP2Vec+PCA (C)
IP2Vec+NoPCA,0.9992463870910542,0.9455639848169586,0.9638278755321364,0.9443635010418332,0.000531914893617,0.0007980138322397,,21.449652433395386,centralized,IP2Vec+NoPCA (C)
NoIP2Vec+PCA,0.9983154534976504,0.7562904718775806,0.7658906970830966,0.7606589430625618,0.001063829787234,0.0019507004788082,,25.23277235031128,centralized,NoIP2Vec+PCA (C)
NoIP2Vec+NoPCA,0.9986700948665662,0.6518786278312236,0.6843877767660337,0.661583246069424,0.0007978723404255,0.0012413548501507,,22.502769708633423,centralized,NoIP2Vec+NoPCA (C)
IP2Vec+PCA,1.0,1.0,1.0,1.0,0.0,0.0,0.5,27.258736848831177,federated,IP2Vec+PCA (F)
IP2Vec+NoPCA,1.0,1.0,1.0,1.0,0.0,0.0,0.5,33.62416219711304,federated,IP2Vec+NoPCA (F)
NoIP2Vec+PCA,1.0,1.0,1.0,1.0,0.0,0.0,0.5,86.34956383705139,federated,NoIP2Vec+PCA (F)
NoIP2Vec+NoPCA,1.0,1.0,1.0,1.0,0.0,0.0,0.5,88.57424759864807,federated,NoIP2Vec+NoPCA (F)
