config_name,ip2vec_sentence,accuracy,accuracy_std,precision,precision_std,recall,recall_std,f1,f1_std,fpr,fpr_std,fnr,fnr_std,auc_roc,auc_roc_std,exec_time_s,exec_time_s_std,architecture,dropout,activation,ae_n_layers,ae_hidden_0,ae_hidden_1,ae_hidden_2,ae_hidden_3,ae_latent,lr,weight_decay,optimizer,batch_size,mlp_n_layers,mlp_hidden_0,mlp_hidden_1,mlp_hidden_2,mlp_hidden_3
IP2Vec+PCA,Dst Port | Protocol | Src Region,0.979527,0.004333,0.949448,0.010922,0.98157,0.014915,0.963251,0.011799,0.034788,0.004224,0.00501,0.005694,0.998419,0.0016,12.00485,1.272842,autoencoder,0.236107,leakyrelu,4.0,128.0,256.0,128.0,64.0,32.0,0.012345,0.001043,Adam,512,,,,,
IP2Vec+NoPCA,Dst Port | Protocol | Src Region,0.995584,0.002951,0.989675,0.008291,0.982477,0.012899,0.985259,0.009257,0.003094,0.003143,0.004593,0.004258,0.998681,0.001814,9.400819,2.199516,autoencoder,0.112463,leakyrelu,4.0,256.0,64.0,512.0,256.0,128.0,0.016028,0.00059,Adam,256,,,,,
NoIP2Vec+PCA,N/A,0.997592,0.001861,0.995583,0.0042,0.990048,0.011859,0.9923,0.006694,0.001546,0.001447,0.00334,0.004091,0.999967,4e-05,6.652592,1.137867,autoencoder,0.186823,silu,3.0,64.0,128.0,256.0,,128.0,0.026981,0.000758,Adam,512,,,,,
NoIP2Vec+NoPCA,N/A,0.996989,0.002978,0.993158,0.008411,0.98756,0.012846,0.989989,0.009852,0.001934,0.002447,0.004175,0.004379,0.999217,0.001352,5.471303,1.094703,mlp,0.120662,leakyrelu,,,,,,,0.011567,0.000194,Adam,512,4.0,64.0,128.0,128.0,128.0
